{
  "$schema": "https://schemas.wp.org/trunk/theme.json",
  "version": 2,
  "customTemplates": [
    {
      "name": "full-width",
      "title": "Full Width Template",
      "postTypes": [ "page", "post" ]
    },
    {
      "name": "project-archive",
      "title": "Projects Archive",
      "postTypes": [ "page" ]
    },
    {
      "name": "landing-page",
      "title": "Landing Page",
      "postTypes": [ "page" ]
    }
  ],
  "settings": {
    "color": {
      "palette": [
        {
          "slug": "primary",
          "color": "#0066cc",
          "name": "Primary"
        },
        {
          "slug": "secondary",
          "color": "#2c3e50",
          "name": "Secondary"
        },
        {
          "slug": "accent",
          "color": "#e74c3c",
          "name": "Accent"
        },
        {
          "slug": "background",
          "color": "#f5f7fa",
          "name": "Background"
        },
        {
          "slug": "text",
          "color": "#333333",
          "name": "Text"
        },
        {
          "slug": "light-text",
          "color": "#777777",
          "name": "Light Text"
        },
        {
          "slug": "card-bg",
          "color": "#ffffff",
          "name": "Card Background"
        }
      ],
      "gradients": [
        {
          "slug": "primary-to-accent",
          "gradient": "linear-gradient(135deg, #0066cc 0%, #e74c3c 100%)",
          "name": "Primary to Accent"
        },
        {
          "slug": "secondary-to-background",
          "gradient": "linear-gradient(135deg, #2c3e50 0%, #f5f7fa 100%)",
          "name": "Secondary to Background"
        }
      ],
      "duotone": [
        {
          "colors": [ "#0066cc", "#f5f7fa" ],
          "slug": "primary-background",
          "name": "Primary and Background"
        },
        {
          "colors": [ "#2c3e50", "#f5f7fa" ],
          "slug": "secondary-background",
          "name": "Secondary and Background"
        }
      ],
      "custom": true,
      "customDuotone": true,
      "customGradient": true,
      "defaultDuotone": false,
      "defaultGradients": false,
      "defaultPalette": false,
      "link": true
    },
    "typography": {
      "fontFamilies": [
        {
          "fontFamily": "Inter, -apple-system, BlinkMacSystemFont, 'Segoe UI', Roboto, Oxygen-Sans, Ubuntu, Cantarell, 'Helvetica Neue', sans-serif",
          "slug": "primary",
          "name": "Primary Font"
        },
        {
          "fontFamily": "-apple-system, BlinkMacSystemFont, 'Segoe UI', Roboto, Oxygen-Sans, Ubuntu, Cantarell, 'Helvetica Neue', sans-serif",
          "slug": "system",
          "name": "System Font"
        }
      ],
      "fontSizes": [
        {
          "slug": "small",
          "size": "0.875rem",
          "name": "Small"
        },
        {
          "slug": "medium",
          "size": "1rem",
          "name": "Medium"
        },
        {
          "slug": "large",
          "size": "1.25rem",
          "name": "Large"
        },
        {
          "slug": "x-large",
          "size": "1.5rem",
          "name": "Extra Large"
        },
        {
          "slug": "xx-large",
          "size": "2rem",
          "name": "XX Large"
        },
        {
          "slug": "xxx-large",
          "size": "2.5rem",
          "name": "XXX Large"
        }
      ],
      "customFontSize": true,
      "lineHeight": true,
      "dropCap": true,
      "fontStyle": true,
      "fontWeight": true,
      "letterSpacing": true,
      "textDecoration": true,
      "textTransform": true
    },
    "spacing": {
      "padding": true,
      "margin": true,
      "blockGap": true,
      "units": [ "px", "em", "rem", "vh", "vw", "%" ],
      "spacingSizes": [
        {
          "slug": "small",
          "size": "15px",
          "name": "Small"
        },
        {
          "slug": "medium",
          "size": "25px",
          "name": "Medium"
        },
        {
          "slug": "large",
          "size": "40px",
          "name": "Large"
        }
      ]
    },
    "border": {
      "color": true,
      "radius": true,
      "style": true,
      "width": true
    },
    "layout": {
      "contentSize": "800px",
      "wideSize": "1200px"
    },
    "blocks": {
      "core/paragraph": {
        "typography": {
          "fontSizes": [
            {
              "slug": "normal",
              "size": "1rem",
              "name": "Normal"
            },
            {
              "slug": "large",
              "size": "1.25rem",
              "name": "Large"
            }
          ]
        },
        "color": {
          "background": true,
          "text": true,
          "link": true
        },
        "spacing": {
          "padding": true,
          "margin": true
        }
      },
      "core/heading": {
        "color": {
          "background": true,
          "text": true,
          "link": true
        },
        "spacing": {
          "padding": true,
          "margin": true
        },
        "typography": {
          "fontWeight": true,
          "lineHeight": true
        }
      }
    }
  },
  "styles": {
    "color": {
      "background": "var(--wp--preset--color--background)",
      "text": "var(--wp--preset--color--text)"
    },
    "typography": {
      "fontFamily": "var(--wp--preset--font-family--primary)",
      "fontSize": "var(--wp--preset--font-size--medium)",
      "lineHeight": "1.6"
    },
    "elements": {
      "link": {
        "color": {
          "text": "var(--wp--preset--color--primary)"
        },
        ":hover": {
          "color": {
            "text": "var(--wp--preset--color--accent)"
          }
        }
      },
      "h1": {
        "typography": {
          "fontSize": "var(--wp--preset--font-size--xxx-large)",
          "lineHeight": "1.3",
          "fontWeight": "600"
        },
        "color": {
          "text": "var(--wp--preset--color--secondary)"
        },
        "spacing": {
          "margin": {
            "top": "0",
            "bottom": "1rem"
          }
        }
      },
      "h2": {
        "typography": {
          "fontSize": "var(--wp--preset--font-size--xx-large)",
          "lineHeight": "1.3",
          "fontWeight": "600"
        },
        "color": {
          "text": "var(--wp--preset--color--secondary)"
        },
        "spacing": {
          "margin": {
            "top": "0",
            "bottom": "1rem"
          }
        }
      }
    },
    "blocks": {
      "core/button": {
        "color": {
          "background": "var(--wp--preset--color--primary)",
          "text": "#ffffff"
        },
        "border": {
          "radius": "5px"
        },
        "typography": {
          "fontSize": "var(--wp--preset--font-size--medium)"
        },
        "spacing": {
          "padding": {
            "top": "10px",
            "right": "20px",
            "bottom": "10px",
            "left": "20px"
          }
        }
      },
      "core/post-title": {
        "typography": {
          "fontSize": "var(--wp--preset--font-size--xx-large)",
          "lineHeight": "1.3"
        }
      }
    }
  },
  "templateParts": [
    {
      "name": "header",
      "title": "Header",
      "area": "header"
    },
    {
      "name": "footer",
      "title": "Footer",
      "area": "footer"
    }
  ],
  "customTemplates": [
    {
      "name": "full-width",
      "title": "Full Width Template",
      "postTypes": [ "page", "post" ]
    },
    {
      "name": "project-archive",
      "title": "Projects Archive",
      "postTypes": [ "page" ]
    },
    {
      "name": "landing-page",
      "title": "Landing Page",
      "postTypes": [ "page" ]
    }
  ]
}
